f1,trend_f9
13808993,0.88435173
13809436,0.884226
13809475,0.88399184
13809539,0.8838308
13809569,0.8837621
13809964,0.884276
13810002,0.8840871
13810541,0.88403714
13810683,0.88395965
13810729,0.88364977
13810776,0.8836462
13811132,0.8836982
13811204,0.88376886
13811569,0.8835424
13811608,0.8834368
13812112,0.8837025
13812151,0.88374525
13813030,0.8840471
13813069,0.8840432
13813390,0.8840393
13813462,0.88390607
13813539,0.8838651
13813577,0.883685
13813979,0.88382053
13814039,0.8840757
13814096,0.88407177
13814136,0.88406783
13814897,0.88406384
13814981,0.8837544
13815020,0.8837506
13815330,0.88374686
13815369,0.8837431
13815734,0.88373935
13815795,0.88386554
13815815,0.88379675
13816163,0.88372797
13816202,0.88385415
13816448,0.88402635
13816512,0.8840224
13816551,0.88390726
13817057,0.8839033
13817139,0.8838345
13817583,0.88370067
13817631,0.8839661
13817668,0.8839621
13852493,0.88395816
13852532,0.8839913
13852815,0.8835325
13852852,0.8835289
13853140,0.8836738
13853177,0.88367003
13853549,0.8836663
13853588,0.8839688
13853949,0.8839648
13854018,0.88373804
13854054,0.883428
13854322,0.8834244
13854376,0.8837828
13854410,0.8840387
13854924,0.8841098
13854960,0.8837614
13855496,0.8837576
13855533,0.8836238
13855931,0.8839263
13855970,0.88354176
13856391,0.88361233
13856430,0.8835622
13856816,0.8837905
13856855,0.8838701
13857077,0.88386613
13857133,0.88352805
13857482,0.8834687
13857521,0.8837713
13857966,0.8841601
13858038,0.8841559
13858247,0.883694
13858300,0.8838758
13858338,0.88387173
13858593,0.884093
13858632,0.8840888
13858834,0.8841694
13858895,0.88381803
13858930,0.88373053
13859087,0.88381016
13859139,0.88380617
13859871,0.88371867
13859984,0.8834085
13860001,0.8834698
13860022,0.88329905
13860274,0.8835832
13860310,0.8838856
13860442,0.88377947
13860492,0.8837755
13860676,0.883688
13860722,0.88388824
13860757,0.8838842
13861072,0.883984
13861109,0.8840653
13861324,0.8839851
13861378,0.8833571
13861416,0.8836597
13861794,0.88400185
13861827,0.8839977
13862181,0.88395554
13862218,0.88398933
13862770,0.8839187
13862817,0.8839146
13862856,0.8837144
13863313,0.8837104
13863359,0.8836229
13863733,0.88382316
13863772,0.88381904
13864181,0.8833695
13864253,0.8833008
13864738,0.8833621
13864771,0.88329345
13865075,0.88328975
13865145,0.8832861
13865183,0.88399166
13865550,0.8840633
13865587,0.8836544
13865801,0.88388425
13865862,0.8839655
13866160,0.8836514
13866196,0.8835824
13866507,0.8833836
13866570,0.8833798
13866610,0.88371944
13866901,0.8837154
13866994,0.88354427
13867032,0.8835404
13867433,0.8836571
13867515,0.8835696
13867935,0.8834264
13867974,0.8835247
13868221,0.8834187
13868293,0.8836747
13868331,0.8839063
13868608,0.8839021
13868646,0.8835787
13868964,0.88350046
13869003,0.8834966
13869313,0.88349265
13869352,0.8836094
13869720,0.88368887
13869769,0.88387406
13870010,0.8837844
13870296,0.88386565
13870350,0.8838614
13870385,0.88377184
13870699,0.88376766
13870744,0.8837635
13870782,0.8834791
13871211,0.8834752
13871247,0.88330424
13871487,0.88313335
13871538,0.8831854
13871574,0.88312596
13872022,0.8834286
13872058,0.88342464
13872088,0.8837667
13872419,0.88345367
13872456,0.88344973
13872803,0.8834458
13873212,0.88343257
13873334,0.88342863
13873757,0.88370484
13873794,0.8834205
13874250,0.88338876
13874356,0.8833848
13874392,0.88307464
13875475,0.8831081
13875550,0.8831044
13875589,0.88337916
13876068,0.8833659
13876141,0.88336205
13876179,0.8832189
13876624,0.8831687
13876663,0.88334125
13877279,0.88328165
13877356,0.8830365
13877378,0.88303286
13877503,0.8833633
13877832,0.88333154
13877881,0.8835691
13877900,0.8830451
13878133,0.88301355
13878183,0.88313055
13878221,0.8831268
13879076,0.8831508
13879115,0.8831192
13879322,0.8834774
13879376,0.88347334
13879414,0.88316303
13879695,0.8831592
13879765,0.88337815
13879995,0.8834577
13880051,0.88331443
13880086,0.8830321
13938246,0.8829634
13938908,0.88343304
13938948,0.8835509
13939601,0.88337845
13939657,0.88345796
13939695,0.88345385
13939922,0.88323635
13939973,0.8832325
13940013,0.8829594
13940318,0.88295573
13940384,0.8835191
13940401,0.88351494
13940429,0.88321286
13940753,0.88320893
13940829,0.8830009
13940869,0.8831641
13941139,0.88316023
13941198,0.8834439
13941236,0.8835061
13941568,0.8831943
13941662,0.8828195
13941679,0.8828159
13941699,0.8829977
13942058,0.8829939
13942132,0.8829901
13942164,0.88293993
13942491,0.8834566
13942551,0.8834524
13942587,0.88328016
13942778,0.8832761
13943034,0.88327205
13943579,0.883268
13943977,0.8829117
13944096,0.8829079
13944126,0.8831916
13944374,0.88347745
13944425,0.8834732
13944460,0.8831235
13944687,0.88293415
13944755,0.88339496
13944792,0.8828057
13945133,0.88291323
13945200,0.8829095
13945241,0.8829706
13945727,0.88290185
13945787,0.88289803
13946043,0.8829591
13946101,0.8828904
13946141,0.88288665
13946373,0.88306826
13946428,0.8830643
13946464,0.88319016
13946763,0.8831861
13946810,0.88340706
13946844,0.8831779
13946914,0.8831738
13946929,0.88335687
13946955,0.8830451
13947206,0.88273525
13947253,0.88320434
13947293,0.8832002
13947504,0.8828346
13947554,0.8828772
13947589,0.88282704
13947836,0.88272125
13947868,0.8830142
13947901,0.88301027
13947958,0.88306195
13947974,0.8831785
13948233,0.8831744
13948284,0.8829107
13948323,0.8832035
13948533,0.8829213
13948587,0.8828525
13948624,0.8828487
13948880,0.8829653
13948936,0.8829614
13949041,0.8825102
13949079,0.8825064
13949339,0.88271856
13949394,0.88282603
13949641,0.8828222
13949692,0.8830038
13949732,0.8829998
13950427,0.8830607
13950498,0.88305664
13950533,0.88305265
13950993,0.88274264
13951033,0.8829243
13951302,0.88273495
13951340,0.8829073
13951838,0.8828477
13951889,0.88284385
13951897,0.8829048
13952356,0.88310486
13952393,0.8829802
13952657,0.88265175
13952711,0.88288903
13953074,0.8828851
13953133,0.88288116
13953444,0.8828123
13953579,0.88287336
13953869,0.8829343
13953928,0.8829303
13953969,0.88298196
13954250,0.8829779
13954287,0.8826679
13954338,0.88266414
13954374,0.8825398
13954715,0.8825361
13954766,0.88270855
13954806,0.88298285
13955217,0.88307154
13955396,0.8828263
13955732,0.8828224
13955785,0.8825125
13955823,0.8825088
13956108,0.8825051
13956148,0.88278884
13956396,0.88279414
13956430,0.8827902
13956480,0.8827863
13956495,0.88278234
13957339,0.8827784
13957538,0.8829043
13957605,0.88290024
13957645,0.8828962
13957878,0.88258624
13957939,0.8825824
13957980,0.88305306
13958192,0.88304895
13958244,0.8829318
13958281,0.8829278
13958631,0.88274753
13958710,0.8825582
13959226,0.88250804
13959595,0.88255066
13959649,0.88254684
13959662,0.8825431
13960013,0.88249296
13960356,0.88248914
13960414,0.8824854
13960453,0.88300294
13960991,0.88299876
13961483,0.8826958
13961497,0.88269186
13961525,0.8825118
13962170,0.88250804
13962219,0.8825042
13962257,0.8825004
13962644,0.88237375
13962710,0.8823698
13962751,0.8826098
13963202,0.88288456
13963220,0.88297576
13963238,0.88297164
13963616,0.8828347
13963893,0.8828307
13963949,0.8828266
13963964,0.8826368
13963988,0.8827626
14022662,0.8827586
14022816,0.88275456
14023021,0.88262075
14023483,0.8826168
14024520,0.8825016
14024622,0.8820966
14024991,0.8820906
14025961,0.8826204
14026000,0.8824401
14027250,0.8824362
14027320,0.8823373
14028460,0.8825402
14028499,0.882988
14029289,0.8829263
14029329,0.88277936
14029578,0.882635
14029688,0.88270575
14030014,0.88279545
14030053,0.88293475
14030356,0.8830072
14030395,0.883003
14030661,0.88263804
14030700,0.88263404
14031053,0.8826301
14031089,0.8826636
14031407,0.88290614
14031446,0.8829019
14031762,0.882576
14031801,0.8825161
14032117,0.8827653
14032175,0.88292414
14032194,0.8828528
14032439,0.8828103
14032497,0.88268304
14032535,0.8826789
14032767,0.8826749
14032831,0.88274604
14032864,0.8827419
14033260,0.8826625
14033337,0.88246083
14033374,0.8824569
14033899,0.882726
14033917,0.8829136
14033939,0.88290936
14034347,0.8825058
14034385,0.88230556
14034649,0.88282067
14034709,0.88293153
14034749,0.8828889
14035730,0.8828463
14035804,0.8828612
14036158,0.88287616
14036320,0.8824722
14036353,0.88246816
14036710,0.88227695
14036766,0.8822731
14037059,0.8824565
14037098,0.8824525
14037406,0.8827715
14037424,0.88284427
14037444,0.8826474
14037715,0.88256764
14037753,0.8827258
14038026,0.88282746
14038042,0.8828039
14038059,0.8829055
14038537,0.88248986
14040114,0.88249516
14040183,0.8824911
14040218,0.8827638
14040533,0.882332
14040601,0.8823281
14040634,0.88220215
14041010,0.88219804
14041049,0.8821734
14041340,0.88202906
14041359,0.8823842
14041385,0.8825782
14041629,0.882574
14041684,0.8826854
14041719,0.8827582
14041930,0.8827539
14041989,0.8825763
14042024,0.8826684
14042397,0.8825678
14042416,0.88266
14042444,0.88273275
14042817,0.8824132
14042894,0.88233376
14042924,0.88232976
14043789,0.8825142
14043806,0.88251
14043825,0.88251543
14044277,0.88251126
14044299,0.8818468
14044319,0.88229597
14044998,0.882292
14045057,0.88227856
14045164,0.882284
14045201,0.88259333
14045609,0.8825987
14045647,0.88259447
14046252,0.882418
14046278,0.8818776
14046297,0.8818717
14046362,0.8820563
14046742,0.8820779
14046781,0.8823798
14047127,0.8824511
14047166,0.8826396
14047403,0.8825582
14047464,0.882554
14047502,0.88254976
14047773,0.8818196
14047846,0.8818137
14047881,0.8818742
14048190,0.8822112
14048251,0.8824339
14048286,0.8822219
14048603,0.88219905
14048655,0.882195
14048689,0.8824465
14049370,0.88250977
14049409,0.88203365
14049949,0.88152313
14049986,0.88266164
14050243,0.8826573
14050350,0.8824603
14050385,0.8819368
14052162,0.88193166
14052201,0.8819265
14052465,0.88192135
14052531,0.8822126
14052557,0.88227445
14052995,0.88227034
14053622,0.88209665
14053660,0.8821304
14053944,0.88168013
14053998,0.88167423
14054035,0.8816684
14054179,0.8821528
14054246,0.88196874
14054555,0.8818644
14054602,0.8820562
14054637,0.88209933
14054869,0.88236046
14054922,0.88241404
14054957,0.88232315
14055201,0.8823189
14055287,0.881913
14055324,0.8819787
14055609,0.8819735
14055647,0.8815763
14055822,0.88145393
14055926,0.88144803
14055962,0.8814421
14056139,0.8814362
14056191,0.88143027
14056226,0.88142437
14056490,0.8815017
14056528,0.88141257
14056727,0.88140666
14056768,0.88151723
14056796,0.88139486
14056846,0.88138896
14056878,0.88138306
14057148,0.8815269
14057161,0.88137126
14057506,0.8815983
14057598,0.88135946
14057633,0.8819043
14057825,0.8819275
14058295,0.88217086
14058334,0.88186044
14058729,0.88185525
14058783,0.88185006
14058798,0.88153493
14059154,0.88185394
14059220,0.88184875
14059258,0.8820208
14059557,0.8819659
14060049,0.8819607
14060088,0.8819555
14060396,0.8816107
14060452,0.8816048
14060494,0.8811996
14060766,0.88172615
14060798,0.8817869
14060869,0.8817971
14060898,0.88179183
14061129,0.882321
14061161,0.8823167
14061209,0.8820161
14061241,0.8817688
14061505,0.8821214
14061534,0.8821172
14061564,0.88211304
14061628,0.88225335
14061661,0.88228756
14062006,0.88211954
14062045,0.88211536
14062381,0.8820823
14062447,0.88170046
14062470,0.88157815
14062756,0.8817054
14062784,0.88168293
14062835,0.8816771
14062868,0.8822511
14063127,0.8822468
14063166,0.88207877
14063429,0.88188076
14063468,0.8818756
14063890,0.881934
14063959,0.8819299
14063995,0.8814313
14064026,0.88142544
14064400,0.8814196
14064454,0.881447
14064492,0.8819089
14064676,0.8819039
14064717,0.8819682
14064769,0.8816235
14064802,0.8818186
14065034,0.8812625
14065073,0.8812566
14065333,0.8812507
14065369,0.8814944
14065593,0.8815219
14065629,0.88136625
14065791,0.8813438
14066003,0.8813379
14066040,0.88133204
14066308,0.8813262
14066344,0.8813203
14066649,0.8809817
14066686,0.88135844
14066966,0.8816854
14067003,0.8812969
14067240,0.88129103
14067274,0.8812852
14067549,0.8810297
14067586,0.8809406
14067803,0.8811843
14067843,0.88132817
14067883,0.8813223
14068176,0.8814662
14068215,0.88146037
14068492,0.8817605
14068531,0.8817553
14068800,0.88183457
14068837,0.8819662
14069103,0.88144815
14069139,0.8811594
14069469,0.8815862
14069552,0.88206565
14069585,0.88206136
14069961,0.8820571
14070017,0.8820528
14070050,0.8820485
14070392,0.88083637
14070450,0.88083047
14070484,0.88082457
14070808,0.8818693
14070847,0.88173395
14071236,0.88186103
14071305,0.88200134
14071365,0.88199705
14071398,0.88078994
14071687,0.8813498
14071735,0.88134396
14071768,0.8818848
14072258,0.8818305
14072296,0.8818255
14072656,0.8816038
14072695,0.88128185
14073008,0.881276
14073047,0.88117033
14073738,0.8815971
14073775,0.8815913
14074608,0.8810864
14074644,0.8809308
14074998,0.881241
14075037,0.8813184
14075288,0.88183266
14075328,0.8817655
14075614,0.88182425
14075658,0.8812122
14075699,0.88165176
14075766,0.8812339
14075801,0.88109493
14076574,0.8808561
14076615,0.8815158
14109057,0.88109404
14109669,0.8809717
14110856,0.88071626
14110938,0.88062716
14112640,0.88046986
14112781,0.8804628
14113089,0.8815745
14113130,0.88145226
14113444,0.8805979
14113483,0.8809414
14113813,0.88091886
14113887,0.880913
14113923,0.8811401
14114458,0.8813506
14114497,0.8813448
14114899,0.88164824
14115204,0.88120013
14115244,0.88074505
14115580,0.8813881
14115619,0.8816275
14116021,0.88162225
14116236,0.8808051
14116291,0.8811653
14116328,0.8812427
14116562,0.8813534
14116625,0.8813476
14116660,0.8815911
14116979,0.88133603
14117019,0.88133025
14117699,0.8813411
14117765,0.8814185
14117775,0.8811632
14118328,0.88115734
14118369,0.881318
14118654,0.8807797
14118693,0.8802806
14119150,0.8802735
14119183,0.8809949
14119219,0.880856
14119643,0.88085014
14119682,0.88094413
14120132,0.88113797
14120200,0.8810157
14120811,0.8809599
14120873,0.8801984
14120911,0.8808151
14121234,0.88115865
14121273,0.88115287
14121609,0.8809141
14121660,0.8809083
14121905,0.88090247
14121944,0.8808966
14122242,0.88144046
14122282,0.8810681
14122548,0.8811122
14122588,0.88110644
14122836,0.8811006
14122918,0.8810948
14122958,0.8808561
14123342,0.88085026
14123449,0.8808444
14123465,0.8808386
14123495,0.88049996
14124209,0.8804941
14124963,0.88065463
14125029,0.8814324
14125069,0.8812088
14126101,0.881203
14126161,0.8804651
14126683,0.880792
14126724,0.8807862
14127025,0.88044566
14127098,0.8803158
14127133,0.88016534
14128252,0.8800696
14128278,0.8802128
14128307,0.8801443
14128768,0.8801373
14128790,0.8803968
14128822,0.8804503
14129077,0.88017803
14129355,0.88010955
14129395,0.88056576
14129712,0.8800942
14129749,0.88008595
14130724,0.8805315
14130916,0.88110805
14130932,0.88111895
14131468,0.88111323
14131519,0.8809078
14131884,0.8803148
14131921,0.8806465
14132204,0.8809735
14132258,0.88096774
14132296,0.88096195
14132548,0.8805568
14132605,0.88061756
14132644,0.8806118
14132853,0.8801377
14132914,0.8798693
14133203,0.879861
14133242,0.88112074
14133542,0.881115
14133581,0.88003397
14135315,0.8794362
14135365,0.88049835
14135403,0.87998486
14135749,0.8802397
14135789,0.88058066
14136026,0.8805748
14136079,0.88056904
14136117,0.8805798
14136331,0.8805574
14136439,0.8805516
14136474,0.8799211
14136675,0.88052326
14136736,0.8809168
14136774,0.880911
14137064,0.88012403
14137100,0.8807164
14137386,0.8801104
14137416,0.88010347
14137472,0.88009655
14137489,0.88031524
14137513,0.8807038
14137760,0.88101465
14137805,0.88100886
14137982,0.8795971
14138281,0.88024044
14138320,0.8795808
14138578,0.8811544
14138618,0.8802815
14138788,0.8802747
14138836,0.8798438
14139087,0.8802814
14139126,0.8806065
14139426,0.88020635
14139464,0.87981176
14139779,0.8798036
14139818,0.87969714
14140245,0.8797872
14140284,0.87963164
14140727,0.87935317
14140784,0.88023967
14140822,0.8802328
14141163,0.880226
14141202,0.87941915
14141570,0.87941086
14141609,0.8797465
14141877,0.8793944
14141951,0.88015014
14141980,0.88074553
14142294,0.87983716
14142378,0.87982905
14142414,0.8796981
14142975,0.879346
14143535,0.8793377
14143735,0.8796488
14143961,0.8796406
14144002,0.8792148
14144046,0.8792065
14144264,0.87919813
14144319,0.8797794
14144354,0.8797713
14144603,0.8797632
14144764,0.8797551
14144993,0.879747
14145018,0.8797388
14145094,0.88041204
14145126,0.8804062
14145298,0.8800099
14145571,0.88002545
14145611,0.8795271
14145649,0.87942064
14146048,0.8795107
14146087,0.8796745
14146745,0.8796664
14146805,0.8796583
14147190,0.88026404
14147240,0.88025725
14147279,0.8802505
14147605,0.87945455
14147644,0.8794464
14147955,0.8800863
14147994,0.8801
14148251,0.87993824
14148289,0.87958634
14148525,0.87957823
14148611,0.8797421
14148884,0.87990594
14148991,0.88051635
14149309,0.88021624
14149345,0.8798333
14149541,0.8786707
14149597,0.8790799
14150435,0.87914526
14150474,0.87913704
14150691,0.87932533
14150746,0.8793171
14151009,0.879137
14151048,0.87888306
14151310,0.87929237
14151787,0.8792842
14151824,0.87917775
14152074,0.88008463
14152140,0.8800779
14152160,0.88042194
14152568,0.87998134
14152607,0.8794821
14153126,0.8788107
14153197,0.8801873
14153631,0.8803927
14153644,0.8803869
14153669,0.8803144
14153874,0.879361
14154174,0.87935287
14154227,0.8796887
14154679,0.87970525
14154717,0.87969726
14155014,0.87973845
14155074,0.8793129
14155106,0.87913275
14155131,0.8796159
14155372,0.8800577
14155431,0.8803166
14155459,0.8799363
14155758,0.8799284
14155796,0.8795766
14156058,0.87956864
14156092,0.8795852
14156396,0.87915957
14156435,0.8787338
14156847,0.87904483
14156863,0.879356
14156879,0.88059884
14157332,0.8800785
14157373,0.88007176
14157692,0.8794969
14157744,0.8794889
14157782,0.8799476
14158038,0.8799398
14158109,0.879932
14158122,0.8790152
14158144,0.8802055
14158530,0.8793432
14158906,0.8797774
14158943,0.8801475
14159195,0.88044393
14159250,0.87999076
14159289,0.8799184
14159789,0.87937015
14159826,0.87936217
14160170,0.8793541
14160209,0.87934613
14160877,0.8799277
14160916,0.87903553
14161232,0.8790274
14161271,0.8797808
14161544,0.8803745
14161584,0.87979
14161891,0.8797822
14161930,0.8792339
14162164,0.87981546
14162203,0.8791444
14163216,0.87837476
14163265,0.879128
14163298,0.87975866
14195355,0.87975085
14195571,0.8792517
14195778,0.8792437
14195983,0.8792357
14197048,0.8792277
14197109,0.87890035
14197149,0.8788922
14197456,0.8788841
14197511,0.87919533
14197547,0.87918735
14197580,0.8791793
14197864,0.8791713
14198137,0.8791633
14198220,0.87915534
14198234,0.8791473
14198503,0.87931126
14198559,0.87930334
14198868,0.8793937
14198908,0.8795823
14199207,0.8788129
14199410,0.8790996
14199436,0.8790916
14199472,0.87859225
14199787,0.8785841
14200011,0.8787479
14200200,0.8787398
14200361,0.8782403
14200535,0.87855136
14200591,0.8790345
14200626,0.87949324
14200926,0.8790924
14200965,0.8789861
14201266,0.8790764
14201305,0.8788473
14201830,0.8789621
14201870,0.87861013
14202203,0.8788231
14202276,0.8786431
14202298,0.878635
14202716,0.87911814
14202766,0.8792822
14202805,0.8797156
14203146,0.8794386
14203220,0.8789149
14203255,0.8789069
14203512,0.87889886
14203551,0.87839955
14203809,0.8783913
14203848,0.8788745
14204114,0.87854713
14204153,0.8780477
14204616,0.87862897
14204673,0.879427
14204770,0.8784657
14205327,0.87833476
14205383,0.8791373
14205403,0.87802386
14205705,0.8783104
14205745,0.8783022
14206042,0.87876076
14206081,0.87875277
14206375,0.8787447
14206414,0.87950855
14206640,0.87907296
14206695,0.8787211
14206730,0.8795039
14207009,0.8796663
14207049,0.8792538
14207347,0.8790585
14207386,0.87974983
14207878,0.87894475
14207912,0.877905
14208159,0.8790268
14208195,0.8790189
14208789,0.8792785
14208839,0.8788313
14208872,0.8789953
14208918,0.87933755
14209466,0.8796944
14209506,0.8797517
14209877,0.87927055
14209936,0.879496
14210395,0.8793174
14210431,0.87930894
14210748,0.87930053
14210859,0.87901634
14210879,0.8785984
14211172,0.87878686
14211227,0.8790747
14211265,0.87864816
14211757,0.878591
14211796,0.8795622
14212699,0.8787715
14212757,0.87926507
14212790,0.8792567
14213130,0.8792483
14213168,0.8784702
14213452,0.87878054
14213491,0.87815934
14213773,0.8784951
14213812,0.878487
14214048,0.8781104
14214086,0.8772697
14214365,0.8784619
14214911,0.8784538
14214952,0.8784456
14215150,0.87843746
14215217,0.87825793
14215484,0.8782498
14215591,0.87927306
14215718,0.87948275
14215766,0.87947464
14216274,0.8775575
14216339,0.87745154
14216374,0.87754095
14216720,0.8775327
14216761,0.877842
14217113,0.87783384
14217195,0.87912875
14217231,0.87940204
14217513,0.8791336
14217560,0.8791253
14217597,0.8791815
14217799,0.8791732
14217865,0.8783903
14218232,0.8781375
14218293,0.8789761
14218743,0.87845606
14218801,0.87844735
14219226,0.87825215
14219262,0.8792207
14219481,0.8789546
14219541,0.8789249
14219579,0.87840486
14219865,0.8783961
14219902,0.8782055
14219969,0.87906045
14220409,0.87905216
14220448,0.8788521
14220755,0.87863076
14220855,0.87862223
14221725,0.8788477
14221764,0.8781762
14222656,0.8781683
14222680,0.87762403
14222711,0.8774456
14223025,0.8771206
14223219,0.877283
14223242,0.87793213
14223644,0.8781179
14223682,0.8785326
14224181,0.87746966
14224204,0.87724257
14224235,0.87706393
14224481,0.8770555
14224548,0.8773877
14224586,0.8772091
14224980,0.87802446
14225016,0.8781852
14225455,0.8780284
14225505,0.87773776
14225542,0.8778519
14225819,0.87804437
14225908,0.8770554
14225938,0.8779629
14226203,0.8781234
14226371,0.87889916
14226403,0.87800115
14226712,0.87799245
14226814,0.87722695
14226850,0.87721866
14227200,0.8778809
14227299,0.8778721
14227330,0.8783697
14227544,0.8775533
14227571,0.87786704
14227627,0.8778583
14227661,0.8778495
14228025,0.87720394
14228063,0.87702477
14228349,0.8781809
14228397,0.8781724
14228450,0.87780523
14228483,0.8777965
14228697,0.8777877
14228739,0.8774658
14228799,0.87745774
14228832,0.87761325
14229191,0.87760437
14229198,0.8775955
14229204,0.8785149
14229226,0.87850666
14231305,0.8784985
14231460,0.8780894
14231741,0.8780809
14231869,0.87775594
14232342,0.87774724
14233117,0.87707853
14233180,0.87762386
14233220,0.8783323
14233670,0.8783241
14233711,0.87831575
14233964,0.8771612
14234019,0.8775811
14234058,0.8776145
14234258,0.87756354
14234315,0.8775547
14234592,0.8778202
14234631,0.8775373
14235419,0.87795043
14235485,0.8779419
14235526,0.87793344
14235919,0.8779249
14236467,0.87791646
14236545,0.87790793
14236582,0.8773931
14237073,0.87761635
14237165,0.87745994
14237632,0.8767176
14237688,0.87702584
14237757,0.8767012
14238050,0.87691194
14238102,0.8769037
14238134,0.8768225
14238202,0.8768142
14238537,0.87742895
14239002,0.87809527
14239165,0.878087
14239638,0.87746686
14239997,0.87745816
14240036,0.8774494
14240434,0.8774407
14240512,0.8773265
14241383,0.8769131
14241422,0.8769049
14241814,0.8768967
14241854,0.8768885
14242148,0.87730235
14242274,0.8772936
14242632,0.87730587
14242793,0.8771705
14242828,0.8765318
14243232,0.8771313
14243264,0.8770169
14243344,0.87696576
14243366,0.8764018
14243403,0.87649083
14243749,0.87721235
14243874,0.8772036
14244250,0.87734246
14244286,0.87748146
14244598,0.87787366
14244674,0.87746453
14244713,0.87756145
14245049,0.8775529
14245129,0.877671
14245223,0.8778314
14245245,0.8774223
14245275,0.8771183
14245619,0.87740487
14245658,0.877544
14245954,0.8771136
14245993,0.87710476
14246277,0.87694836
14246316,0.8777622
14246591,0.8777539
14246630,0.8774503
14246972,0.8770409
14247011,0.87703216
14247405,0.87702334
14247444,0.8770145
14248418,0.8775121
14248457,0.8771872
14249285,0.8762774
14249429,0.87638867
14249465,0.87637943
14250152,0.87802017
14250191,0.8780121
14250510,0.8775989
14250550,0.8765146
14281967,0.876611
14283089,0.87677073
14283833,0.8772049
14283874,0.8768799
14284623,0.87687105
14284892,0.8768622
14284942,0.8758071
14284980,0.87579834
14285438,0.87643355
14285477,0.87642443
14287277,0.8764154
14302596,0.87640625
14304038,0.8772199
14304892,0.8772114
14305476,0.876781
14305539,0.87628603
14305563,0.87636137
14306619,0.876775
14306707,0.8767662
14307088,0.8769473
14307560,0.8771496
14307640,0.87714106
14307678,0.8771326
14308112,0.8771663
14308152,0.87741095
14308451,0.87740266
14308562,0.87699354
14308596,0.87698495
14309129,0.87748265
14309168,0.8771791
14309497,0.8771707
14309536,0.8766549
14310338,0.876646
14310377,0.87583643
14310643,0.87652147
14310698,0.8759234
14310999,0.8759142
14311038,0.875905
14311339,0.87589574
14311379,0.8769826
14311728,0.8763178
14311765,0.8763089
14312121,0.87617445
14312162,0.87616545
14312561,0.876303
14312600,0.8762732
14312642,0.8755375
14313094,0.8755291
14313160,0.8766237
14313182,0.8762368
14313209,0.87572545
14313525,0.87571615
14313587,0.8765025
14313628,0.87687415
14313990,0.8768655
14314030,0.8767086
14314504,0.87684816
14314543,0.8768395
14314575,0.87507856
14314987,0.87507004
14315013,0.87628603
14315108,0.87642384
14315140,0.8764152
14315504,0.87569463
14315547,0.8760623
14315891,0.87599057
14315977,0.8761072
14316293,0.876224
14316462,0.8762152
14317320,0.87555736
14317536,0.8760506
14317571,0.8757695
14317893,0.8760535
14317964,0.8753328
14317972,0.8759724
14318295,0.8759635
14318367,0.87616396
14318724,0.8759877
14318762,0.87597877
14318912,0.87555116
14318934,0.8759188
14318960,0.87697774
14319353,0.8765928
14319390,0.8759354
14319822,0.87531924
14319858,0.8753099
14320229,0.8753005
14320265,0.87589836
14320591,0.8758894
14320654,0.87482834
14320692,0.87472284
14321014,0.87581915
14321071,0.87614524
14321110,0.8761366
14321476,0.87646294
14321546,0.87616146
14321578,0.87581784
14321622,0.87576705
14322018,0.8753813
14322165,0.8760839
14322189,0.87607527
14322562,0.8760666
14322619,0.87572294
14322657,0.87571406
14323128,0.8752026
14323166,0.874963
14323872,0.8750372
14324451,0.8750278
14324992,0.8750183
14325031,0.8754276
14325293,0.8754185
14325352,0.8752628
14325391,0.8752536
14325683,0.8752444
14325766,0.87523514
14325805,0.87602156
14326237,0.876013
14326273,0.8753553
14326543,0.8753462
14326583,0.8756302
14326857,0.87589353
14326894,0.8758849
14327209,0.8757715
14327246,0.8757628
14327506,0.87514687
14327568,0.8755145
14327852,0.87550557
14327888,0.8751198
14328161,0.87511057
14328197,0.8754782
14328633,0.8755949
14328670,0.87508357
14328950,0.8754931
14328987,0.8758611
14329441,0.8761456
14329480,0.87613726
14329836,0.8754799
14329875,0.8752407
14330140,0.87475
14330178,0.87501276
14330439,0.8750036
14330478,0.8752875
14330743,0.87473404
14330779,0.87535274
14330979,0.87590915
14331034,0.87604725
14331351,0.8760389
14331390,0.8761562
14331704,0.87537324
14331740,0.87536436
14331953,0.8753974
14331996,0.87532574
14332031,0.8753168
14332289,0.8754754
14332329,0.87546664
14332589,0.874871
14332627,0.8748614
14332933,0.87594193
14332971,0.8759336
14333312,0.8754227
14333350,0.8749741
14333687,0.8749646
14333725,0.87552136
14333992,0.8755127
14334028,0.8755041
14334385,0.87549543
14334711,0.87598926
14334747,0.87598103
14335050,0.8752609
14335076,0.8744686
14335102,0.87517977
14335397,0.8751709
14335437,0.87530863
14368095,0.8751316
14368594,0.87514365
14368798,0.87513447
14368969,0.8751252
14369228,0.874819
14369420,0.8750217
14370202,0.8746517
14370257,0.87536263
14370290,0.8747392
14370622,0.87472975
14370672,0.8753566
14370705,0.87536895
14371040,0.8750419
14371079,0.87503266
14371307,0.8750235
14371360,0.8742987
14371395,0.8742897
14371841,0.8742807
14371880,0.8745392
14372213,0.8745296
14372249,0.87452
14372524,0.87451047
14372572,0.8748828
14372609,0.87559444
14372882,0.87543786
14372922,0.8747925
14373177,0.87478316
14373214,0.8740258
14373478,0.8747214
14373528,0.87520015
14373563,0.8747243
14373835,0.87471503
14373906,0.8747057
14373939,0.8750783
14374553,0.8753452
14374581,0.8753364
14374603,0.8749669
14374937,0.87466073
14374976,0.8746514
14375307,0.8746208
14375339,0.87490857
14375360,0.87489945
14376184,0.8748903
14376234,0.8744568
14376269,0.87416553
14376482,0.87415665
14376541,0.8741478
14376580,0.8739128
14377378,0.87491757
14377417,0.87490857
14378084,0.87519664
14378129,0.8751878
14378180,0.87469095
14378211,0.87442714
14378711,0.8736283
14378774,0.8744288
14378790,0.8751409
14378810,0.87513214
14379038,0.8748687
14379097,0.8737935
14379132,0.8736525
14380134,0.8736433
14380173,0.8737659
14381114,0.87375677
14381143,0.87374765
14381164,0.87424797
14381463,0.8744507
14381492,0.87372136
14381510,0.87371224
14381770,0.8737031
14381807,0.873694
14381999,0.8740805
14382043,0.87426466
14382078,0.8742553
14382268,0.8742459
14382313,0.8736504
14382348,0.8735659
14382613,0.8735567
14382680,0.8735475
14382718,0.87348175
14382886,0.8734725
14383214,0.8739719
14383261,0.8739631
14383296,0.8739543
14383480,0.87435967
14383526,0.8745626
14383561,0.87406075
14383894,0.87452286
14383926,0.87389314
14383946,0.8745254
14384271,0.8745164
14384340,0.87450737
14384373,0.87410456
14385050,0.874096
14385533,0.8742461
14386307,0.8743854
14386346,0.874249
14386572,0.8739681
14386626,0.8740913
14386664,0.8737814
14386965,0.8731439
14387242,0.8732601
14387289,0.8747002
14387326,0.8736517
14387536,0.87364274
14387711,0.8734455
14389050,0.874662
14389089,0.8746532
14389484,0.8746444
14389523,0.8741282
14390217,0.8738561
14390765,0.8738475
14390789,0.8733324
14390809,0.8732525
14391268,0.8732439
14391307,0.8733067
14391648,0.87418544
14391743,0.8743461
14391751,0.87420976
14392024,0.8732748
14392083,0.8732663
14392561,0.87325776
14392599,0.87382525
14393020,0.87359065
14393143,0.8744912
14393155,0.8746522
14393167,0.8747709
14393557,0.87399143
14393910,0.873983
14393969,0.8731232
14394278,0.8744368
14394314,0.874428
14394633,0.8739306
14394669,0.8737903
14395011,0.8739325
14395051,0.8741792
14395461,0.8740101
14395502,0.87437326
14396010,0.8734476
14396047,0.8734388
14396396,0.8736559
14396415,0.87362844
14396433,0.87403417
14397061,0.87402594
14397247,0.8736975
14397888,0.8738397
14398157,0.8744594
14398358,0.87378573
14398398,0.8744415
14399813,0.8744328
14400023,0.8735921
14400048,0.87325287
14400078,0.8738759
14400107,0.8743959
14401931,0.8745146
14401970,0.8732218
14402209,0.87321347
14402278,0.8731338
14402533,0.8731254
14402613,0.8738162
14402653,0.8739586
14403222,0.8743215
14403243,0.8742704
14403263,0.8743042
14404758,0.8744228
14404816,0.87374955
14404854,0.87381655
14407036,0.8733592
14407206,0.87391263
14407855,0.8737161
14407894,0.87342536
14409182,0.8740408
14409313,0.8737854
14409872,0.8737771
14410683,0.87291163
14410741,0.87290317
14410987,0.87386376
14411075,0.8737426
14411376,0.8736402
14411424,0.873353
14411481,0.87383044
14411515,0.87397295
14412008,0.87394613
14412073,0.87373096
14412477,0.87311804
14412599,0.87330604
14412626,0.8732266
14412937,0.87273675
14412989,0.8726568
14413028,0.8727196
14413552,0.8732998
14413592,0.87329173
14414076,0.8732837
14414154,0.8732756
14414614,0.87267876
14414645,0.87267023
14414727,0.8726617
14414761,0.87356985
14415117,0.8735616
14415156,0.87355334
14415445,0.8741507
14415495,0.8735374
14415528,0.8735292
14416020,0.87332046
14416906,0.8728308
14416945,0.87275106
14417313,0.87251073
14417328,0.8725021
14417342,0.8724935
14418151,0.8727882
14418188,0.87277985
14418451,0.8725395
14418495,0.872531
14418844,0.8725224
14419041,0.87306696
14419377,0.8727377
14419416,0.8728007
14419683,0.8727211
14419722,0.87331927
14420053,0.8736416
14420100,0.8736336
14420135,0.87362564
14420452,0.8730567
14420491,0.87304866
14420837,0.872434
14420908,0.87306774
14420947,0.8729705
14421397,0.8726948
14421405,0.8726865
14421414,0.87267816
14456996,0.8727769
14457069,0.8727687
14457317,0.8726534
14457358,0.8725202
14457541,0.87293994
14457588,0.8726643
14457624,0.872656
14458271,0.8731651
14458319,0.87315726
14458356,0.8731494
14458618,0.8731415
14458658,0.87291956
14458900,0.8731256
14458940,0.87311774
14459183,0.87287796
14459220,0.87254876
14459510,0.8725404
14459549,0.8724786
14459798,0.87247026
14459913,0.87246186
14460157,0.87234646
14460254,0.8725343
14460270,0.87295413
14460299,0.8730711
14460541,0.8729384
14460578,0.87262714
14460923,0.87317204
14460960,0.8731108
14461247,0.8727997
14461284,0.8731485
14461521,0.87314075
14461558,0.87281185
14461806,0.8729466
14461845,0.87325984
14462125,0.8731095
14462175,0.8727985
14462211,0.8727905
14462534,0.8730858
14462572,0.8732208
14462636,0.8732132
14462656,0.8727774
14462877,0.8725553
14462923,0.8725472
14462960,0.87211
14463171,0.8721015
14463208,0.8720929
14463425,0.8720843
14463464,0.8718432
14463683,0.87176293
14463722,0.8717541
14463949,0.8717453
14463989,0.87239844
14464629,0.8721576
14464656,0.87179136
14464708,0.8717826
14464740,0.8723821
14464989,0.87260634
14465028,0.8725983
14465311,0.87291145
14465351,0.8725825
14465536,0.87257445
14465615,0.8725664
14465630,0.87195015
14465656,0.87226355
14466519,0.87225527
14466558,0.872247
14466822,0.8719167
14466862,0.8719081
14467197,0.8718996
14467290,0.871891
14467792,0.87252647
14468195,0.87264365
14468236,0.87279665
14468277,0.8718587
14468530,0.8724584
14468567,0.87245035
14469096,0.8724423
14469371,0.8722017
14469407,0.87233657
14469710,0.8723284
14469837,0.8728391
14470048,0.87259877
14470088,0.87216157
14470129,0.87155175
14470529,0.8715438
14470569,0.87218946
14470921,0.87185925
14470964,0.8719939
14471230,0.87198555
14471269,0.8722813
14471470,0.8724163
14471515,0.87240833
14471550,0.87163115
14471776,0.8714764
14471827,0.8714685
14471860,0.87199855
14472209,0.8722586
14472266,0.8725904
14472274,0.87217116
14472572,0.87216306
14472655,0.8719045
14472694,0.8724507
14472964,0.8719419
14473103,0.87193364
14473366,0.87201476
14473400,0.8721139
14473449,0.87146103
14473485,0.87195396
14473961,0.8720888
14474021,0.8722059
14474060,0.87207264
14474378,0.8719035
14474427,0.87133557
14474435,0.8719044
14474444,0.8720392
14474668,0.87258565
14474727,0.87243485
14474939,0.87257016
14475032,0.8720079
14475047,0.8712851
14475074,0.8712127
14475399,0.8713823
14475438,0.8713745
14475747,0.87125355
14475827,0.8716878
14476085,0.8723593
14476124,0.87235147
14476356,0.87161237
14476398,0.8720848
14476434,0.871719
14476750,0.87214005
14476765,0.8722931
14476781,0.8716771
14477048,0.87197286
14477087,0.8716786
14477481,0.8721533
14477500,0.871716
14477518,0.8717078
14477864,0.8714673
14477924,0.8718163
14477957,0.87223476
14478526,0.87180036
14478566,0.8719532
14478899,0.8718021
14478969,0.8726048
14479224,0.8724918
14479264,0.87218577
14479516,0.8722829
14479607,0.8718529
14479637,0.87171954
14480130,0.87160856
14480153,0.87160116
14480169,0.87136716
14480684,0.871881
14480721,0.87187266
14480798,0.8718643
14480813,0.8715484
14480853,0.87154096
14481206,0.87176853
14481247,0.87176013
14481285,0.87203234
14481795,0.87190145
14481834,0.8718055
14482160,0.8720427
14482199,0.8719118
14482239,0.8717106
14482587,0.8717022
14482672,0.87157965
14482710,0.87168527
14482880,0.87167686
14482958,0.87144595
14483408,0.87143815
14484004,0.8716521
14484044,0.8716446
14484220,0.87163705
14484246,0.8710874
14484313,0.8710796
14484502,0.8716782
14484541,0.8716698
14484579,0.87166154
14484876,0.8713688
14484913,0.871361
14486939,0.8713532
14487034,0.87156725
14487046,0.8715597
14487570,0.8715521
14487790,0.8711009
14487866,0.8715365
14488091,0.8709902
14488127,0.87115633
14494464,0.8715128
14494518,0.8715052
14495976,0.87149763
14496066,0.8709515
14496074,0.87094337
14496702,0.87125194
14496965,0.87103814
14497004,0.8707932
14497257,0.8710218
14497296,0.87121975
14497547,0.87143373
14497586,0.87142617
14497781,0.87141865
14497846,0.87118924
14497884,0.8711814
14498497,0.8711736
14498547,0.8711658
14498792,0.8711263
14498882,0.8703973
14498908,0.8703897
14499194,0.87081635
14499234,0.8709662
14499483,0.87080026
14499522,0.8707921
14500446,0.87035155
14500485,0.87034345
14500995,0.8710989
14501101,0.87109107
14501504,0.87108326
14502237,0.87079066
14502296,0.8710515
14502335,0.8711229
14502546,0.8708302
14502604,0.87082213
14502639,0.87162197
14502822,0.8716148
14502868,0.87079984
14502905,0.8710926
14542801,0.87087893
14542869,0.87098193
14543167,0.87097406
14543222,0.8715525
14543524,0.8715454
14543587,0.87074625
14543812,0.8715302
14543864,0.871523
14544236,0.8712465
14544276,0.87114394
14544584,0.8711364
14544708,0.8707961
14545055,0.87078816
14545107,0.8706856
14545143,0.87067753
14545584,0.87092257
14545623,0.8710891
14545921,0.87090725
14546046,0.8712322
14546064,0.8712248
14546091,0.8712174
14546390,0.87071896
14546429,0.870711
14546720,0.8711942
14546757,0.87041456
14546782,0.87036246
14547083,0.870695
14547133,0.8704663
14547170,0.8702953
14547447,0.87056017
14547484,0.8705522
14547852,0.87054414
14547891,0.8705361
14548433,0.8705281
14548472,0.87082034
14548730,0.87081265
14548789,0.87097925
14548824,0.87049717
14549047,0.8700467
14549100,0.87019765
14549297,0.8704114
14549363,0.86999667
14549401,0.8702037
14550092,0.86998177
14550129,0.87015826
14550397,0.8704311
14550436,0.87042356
14550819,0.870416
14550902,0.87024593
14550916,0.8702382
14550934,0.8701123
14551161,0.87042946
14551219,0.87018555
14551487,0.8701778
14551527,0.8699016
14551919,0.870162
14551991,0.87113106
14552007,0.87069607
14552277,0.8706251
14552393,0.87019205
14552412,0.87060916
14552440,0.8706014
14553023,0.8705937
14553039,0.870586
14553063,0.8706892
14553292,0.8707925
14553327,0.87078506
14553388,0.87029654
14553415,0.8699854
14553443,0.8703698
14553637,0.87036234
14553687,0.8702515
14553986,0.8697756
14554025,0.8702211
14554093,0.869942
14554110,0.8699346
14554137,0.870011
14554466,0.87000364
14554503,0.8699125
14555701,0.8702926
14555739,0.87028515
14555985,0.869891
14556054,0.8701517
14556305,0.87035096
14556369,0.8705279
14556408,0.8706313
14556436,0.87062377
14556638,0.87030756
14556703,0.8698422
14557027,0.87010026
14557117,0.87009287
14557130,0.8700857
14557156,0.87007856
14557439,0.87007135
14557475,0.8702693
14557787,0.8702619
14557825,0.8702546
14558139,0.8702472
14558176,0.8700363
14558499,0.87002915
14558763,0.8702247
14559025,0.8702174
14559085,0.87021
14559124,0.8701584
14559341,0.86954784
14559396,0.8695403
14559435,0.8695327
14560177,0.8695251
14560216,0.86978215
14560528,0.8697748
14560613,0.869921
14560632,0.86967653
14560656,0.8696691
14561034,0.86974543
14561101,0.8703972
14561134,0.8705163
14561436,0.87038314
14561495,0.8701249
14561700,0.86989254
14561781,0.8698854
14561821,0.87014675
14562025,0.8701394
14562085,0.8703242
14562493,0.87031716
14562511,0.87031007
14562530,0.86985815
14562770,0.869851
14562868,0.86984384
14562908,0.8698366
14563113,0.8698295
14563172,0.8698223
14563551,0.87015426
14563569,0.87026525
14563588,0.86998314
14564011,0.8695154
14564065,0.86977327
14564103,0.8697661
14564520,0.8700242
14564585,0.87001723
14564623,0.8699405
14564928,0.86993355
14564967,0.8698009
14565346,0.8699195
14565361,0.8699823
14565377,0.8692365
14565691,0.87016827
14565731,0.87016124
14566291,0.87015414
14566636,0.869417
14566700,0.86967486
14566733,0.86993295
14567180,0.86984223
14567246,0.86983526
14567280,0.8700237
14567768,0.87001693
14567808,0.8700101
14568259,0.8698916
14568275,0.8700809
14568291,0.8700738
14568646,0.87003875
14568705,0.8698365
14568744,0.8698296
14569150,0.8695853
14569189,0.8695781
14571161,0.8693895
14571461,0.8693821
14577044,0.86937475
14627042,0.8695489
14627676,0.86927646
14627804,0.8695343
14628404,0.86952716
14628558,0.8692547
14628821,0.8695963
14629272,0.8695054
14629308,0.86949825
14629566,0.86957484
14629986,0.86948395
14630026,0.86942095
14630200,0.8694696
14630371,0.8698114
14630645,0.8693857
14630701,0.868975
14630736,0.8694407
14631153,0.86943346
14631188,0.86969155
14631465,0.86968464
14631502,0.8696777
14631880,0.8696708
14631920,0.8696639
14632757,0.86965704
14632793,0.8695802
14632998,0.86957324
14633046,0.869287
14633313,0.86927974
14634601,0.8698314
14634942,0.8698107
14635437,0.8699152
14635488,0.8699079
14635834,0.86979073
14635894,0.86978406
14635932,0.86973536
14636200,0.86957484
14636255,0.86956793
14636290,0.8692954
14637155,0.8690229
14637257,0.8690155
14637293,0.8690918
14637607,0.8690845
14637662,0.86927277
14638044,0.86916775
14638360,0.86916053
14638413,0.8689084
14638467,0.8687084
14638897,0.8691381
14638959,0.8691309
14638991,0.8693194
14639180,0.86951494
14639472,0.8695073
14639511,0.86949974
14639708,0.8694921
14639753,0.86948454
14639792,0.86904037
14640521,0.86894286
14640593,0.86893636
14640607,0.8692106
14640932,0.8692027
14640997,0.86919475
14641034,0.8691869
14641344,0.8693534
14641405,0.8693457
14641638,0.8695528
14641738,0.8695454
14641773,0.86899537
14643240,0.8689632
14643361,0.86895597
14643701,0.86894876
14643740,0.8693309
14643946,0.86932325
14644005,0.86884063
14644044,0.8688333
14644289,0.86868805
14644341,0.868591
14644379,0.8688108
14644618,0.86924684
14644669,0.86918545
14645427,0.86847913
14645905,0.86885715
14645944,0.8688499
14646347,0.86884266
14646362,0.86866105
14646376,0.86865354
14646666,0.8688205
14646722,0.8688132
14646760,0.868806
14646983,0.8684292
14647048,0.8684228
14647086,0.8683683
14647941,0.86836165
14647982,0.8684324
14648592,0.8683685
14648599,0.86857754
14648957,0.86857
14649047,0.86887443
14649084,0.86886734
14649393,0.8688228
14649433,0.8688157
14649745,0.8688961
14649799,0.8686266
14651461,0.86861926
14652212,0.8688745
14652304,0.86886746
14653312,0.8688605
14653326,0.8688535
14653695,0.86884654
14653744,0.8686895
14654547,0.8688199
14654622,0.8689879
14654920,0.8689812
14654982,0.86897445
14655015,0.8684268
14655378,0.86842066
14655415,0.868615
14655917,0.86869526
14656011,0.8683742
14656048,0.86832815
14657432,0.86876035
14657513,0.869145
14657551,0.8691379
14657787,0.8691308
14657941,0.86912364
14657967,0.86894584
14658223,0.868632
14658287,0.86828256
14658606,0.86827606
14658683,0.86844563
14658721,0.8685136
14659830,0.8685928
14659868,0.868585
14660151,0.8686625
14660237,0.8686547
14660275,0.86864704
14660634,0.86879784
14660674,0.8684183
14661005,0.8686238
14661076,0.86883545
14661108,0.868828
14661299,0.8689545
14661327,0.86898375
14661372,0.86897653
14661403,0.86879903
14661627,0.8687916
14661710,0.8687841
14661741,0.8687889
14662216,0.86825746
14662264,0.8682508
14662591,0.86834216
14662703,0.86833566
14663001,0.86852956
14663066,0.86889905
14663091,0.86889184
14663407,0.8688847
14663592,0.86887753
14663849,0.8688703
14664010,0.86886317
14664229,0.8686856
14664298,0.86836165
14664336,0.8688406
14664617,0.8688334
14664676,0.8688262
14664713,0.8687339
14664977,0.86877525
14665118,0.86876804
14665134,0.8686269
14665161,0.8686195
14665466,0.8683484
14665574,0.86822325
14665632,0.86842245
14665664,0.86858827
14665883,0.8683821
14666039,0.8684429
14666428,0.86837965
14666496,0.86837363
14666531,0.8683676
14667206,0.86848575
14667232,0.86847997
14667283,0.868673
14667315,0.8686658
14667686,0.8686586
14667726,0.86850536
14668137,0.8684995
14668238,0.8683302
14668271,0.86848783
14668575,0.86838657
14668604,0.86838067
14668660,0.868413
14668693,0.86828965
14668953,0.8682834
14669092,0.8684046
14669121,0.86839885
14669450,0.86859226
14669486,0.86843526
14669805,0.86842954
14669856,0.86827713
14670227,0.86856246
14670264,0.86849827
14670512,0.86798286
14670541,0.8680349
14670607,0.8683455
14670928,0.8685241
14670989,0.8685169
14671021,0.86851084
14671574,0.8685999
14671614,0.8683949
14671992,0.86831063
14672032,0.8684885
14672878,0.86840653
14672918,0.86816376
14673236,0.868237
14673276,0.8682309
14673587,0.86807567
14673625,0.86782384
14673969,0.86781704
14674007,0.8681253
14674379,0.86843425
14674467,0.8685051
14674555,0.86849976
14674571,0.8681021
14674596,0.8680958
14674926,0.86808956
14675007,0.8681131
14675044,0.8680771
14675307,0.8681503
14675346,0.8680647
14675610,0.86817765
14675650,0.8681815
14675926,0.8681755
14675965,0.86833835
14676258,0.86811393
14676297,0.8681078
14676545,0.8680222
14676584,0.8680159
14676847,0.8676948
14676886,0.86768806
14677117,0.86780846
14677195,0.8678019
14677230,0.86811215
14677260,0.8681061
14677541,0.86810005
14677581,0.86809397
14677826,0.86816746
14677914,0.8681615
14677955,0.8680761
14678149,0.8681495
14678205,0.8683324
14678244,0.8679591
14678476,0.8679529
14678536,0.8682348
14678577,0.8683086
14678821,0.8681141
14678860,0.8680287
14679135,0.86829096
14679173,0.86828536
14679346,0.86821014
14679815,0.8681547
14679855,0.86768323
14680044,0.8676767
14680253,0.867937
14680544,0.8681296
14680618,0.86784554
14680652,0.8679188
14680971,0.86791265
14681097,0.8679562
14713878,0.86795014
14714454,0.8681329
14714788,0.8677992
14714842,0.8677929
14715501,0.8675506
14715641,0.86754394
14715658,0.867596
14715686,0.8679059
14716115,0.8681682
14716369,0.8681625
14716465,0.8680774
14716501,0.8681511
14717203,0.8681455
14717241,0.86813986
14717628,0.86805475
14717667,0.86777073
14717993,0.86804277
14718075,0.8674536
14718108,0.8677123
14718575,0.86770606
14718615,0.8677793
14719382,0.8677732
14719420,0.8676875
14719759,0.86768126
14719797,0.867675
14720243,0.8678476
14720719,0.8678416
14720756,0.86778593
14721693,0.8677799
14721816,0.8674576
14721852,0.8674511
14722140,0.8673173
14722215,0.86748666
14722574,0.86748016
14722671,0.86746395
14722707,0.86745745
14722951,0.8673042
14723017,0.86759204
14723055,0.8675858
14723340,0.86757946
14723486,0.86789125
14723842,0.867965
14723882,0.8679593
14724231,0.86780465
14724271,0.8677988
14724843,0.86786246
14724917,0.8677275
14724955,0.86772156
14725526,0.86786467
14725655,0.8676403
14725896,0.867505
14726045,0.86738056
14726083,0.86769104
14726324,0.8677646
14726420,0.86775875
14726458,0.8678324
14726740,0.8678267
14726780,0.8679601
14727221,0.86762667
14727260,0.86762065
14727774,0.86745566
14727814,0.86757857
14728187,0.8672664
14728227,0.8677846
14728882,0.86784846
14728921,0.8676838
14729394,0.8678171
14729430,0.8678115
14729699,0.8677264
14729820,0.8678001
14729841,0.86779445
14730213,0.86786836
14730252,0.8671894
14730542,0.8672905
14730579,0.86756164
14730937,0.8675457
14730974,0.86753976
14731340,0.8678021
14731386,0.86784625
14731688,0.8676619
14731728,0.8676561
14732541,0.8675113
14732580,0.8674556
14732998,0.8671534
14733037,0.8671371
14733401,0.8674961
14733440,0.8674901
14733677,0.8673351
14733838,0.8673289
14733873,0.86768043
14734178,0.86767477
14734245,0.86727166
14734265,0.8672654
14734736,0.86698467
14734752,0.8670171
14734769,0.8675339
14735101,0.8673393
14735140,0.8672339
14735940,0.867327
14735978,0.8672215
14736318,0.8672152
14736354,0.86749715
14736648,0.8672031
14736718,0.86719686
14736758,0.86706305
14738323,0.8672835
14738446,0.86722773
14739031,0.8673507
14739439,0.86716586
14739796,0.8671596
14739863,0.8673322
14739900,0.8673262
14740208,0.8676184
14740295,0.86761284
14740328,0.86713034
14740735,0.8671241
14740810,0.8672967
14740825,0.8672907
14740843,0.8672847
14741350,0.86727875
14741371,0.86727273
14741385,0.8672668
14741710,0.8672608
14741787,0.86743367
14741802,0.867428
14741817,0.8674223
14742053,0.86723775
14742114,0.8672317
14742614,0.8670469
14743148,0.86704063
14743221,0.8670344
14743737,0.8673461
14743776,0.8673403
14744111,0.86733454
14744148,0.8673288
14744585,0.86732304
14744621,0.86731726
14745014,0.86731154
14745055,0.86756414
14745734,0.8675588
14745818,0.8670168
14745832,0.86712986
14745851,0.86712384
14746138,0.86713773
14746193,0.8671317
14746211,0.8668935
14746227,0.8674175
14746729,0.8675909
14747110,0.867218
14747168,0.86710286
14747183,0.86703724
14747198,0.8671008
14747744,0.86709476
14747784,0.8668953
14748210,0.86688864
14748249,0.86730486
14748593,0.86723965
14748630,0.86705506
14749175,0.8671087
14749215,0.86703324
14749560,0.8672061
14749643,0.86711097
14749674,0.8670256
14749940,0.86691606
14750554,0.86669147
14750607,0.86696553
14750643,0.8670109
14750918,0.867313
14750975,0.86730754
14751015,0.8670536
14751334,0.86711735
14751372,0.86711156
14751647,0.8668701
14751710,0.86713946
14751748,0.86695194
14752052,0.8666641
14752090,0.8669387
14752305,0.8672545
14752418,0.86693704
14752464,0.86693066
14752727,0.8669977
14752969,0.8669915
14753000,0.8669118
14753672,0.8665723
14753714,0.86656547
14754250,0.86688125
14754360,0.8668749
14754398,0.8668685
14754649,0.8665395
14754771,0.8665326
14755180,0.8665257
14755219,0.86651886
14755513,0.866512
14755546,0.86657745
14755701,0.86649835
14755789,0.8665535
14755809,0.8665467
14755832,0.8669263
14756041,0.86685723
14756087,0.8669768
14756479,0.8669707
14756543,0.8670066
14756581,0.8666755
14757421,0.866669
14757461,0.86666244
14758722,0.8669391
14758761,0.86693305
14759037,0.86692697
14759641,0.8665958
14759748,0.86673605
14759768,0.8667297
14760033,0.8668282
14760121,0.866822
14760159,0.8668158
14760605,0.8665475
14760969,0.86654097
14761217,0.86653435
14761488,0.86707145
14761578,0.8666058
14761597,0.86667275
14761622,0.86666644
14762790,0.8667648
14762825,0.86689484
14763092,0.8665011
14763194,0.86649454
14763683,0.866302
14763722,0.86642945
14764055,0.8664228
14764094,0.8666039
14764392,0.86659753
14764432,0.8666645
14765020,0.8665639
14765059,0.8665575
14765708,0.86671877
14765853,0.8667126
14766121,0.8667065
14766195,0.8667003
14766233,0.8668828
14766766,0.86687696
14767132,0.8664834
14767171,0.86629003
14767372,0.86666924
14767518,0.8666631
14767771,0.86665696
14767896,0.8668394
14800509,0.866645
14800831,0.8666388
14800861,0.86649644
14801118,0.86649007
14801620,0.8664837
14802836,0.8663309
14802889,0.86632437
14802922,0.86608034
14803252,0.86607337
14803291,0.8660664
14803335,0.8664432
14803370,0.86657304
14803574,0.8665669
14803617,0.86641407
14803652,0.8664077
14803901,0.8667052
14803946,0.8664583
14803979,0.8663053
14804297,0.8663826
14804339,0.86661726
14804374,0.86655885
14804897,0.8663747
14805012,0.86624265
14805047,0.8663512
14805415,0.8664077
14805684,0.8661512
14805769,0.8663319
14805786,0.8665141
14805812,0.8663194
14806097,0.8661051
14806137,0.8662225
14806375,0.8666351
14806414,0.86630446
14806652,0.8662981
14806745,0.86603206
14806782,0.8667774
14807109,0.86652035
14807165,0.8661066
14807203,0.86616194
14807482,0.8661554
14807529,0.8660973
14807820,0.8660081
14807859,0.86594856
14808313,0.8659412
14808338,0.866279
14808361,0.8661156
14808626,0.8661091
14808666,0.8662597
14808920,0.86631626
14808958,0.86631006
14809186,0.8660839
14809288,0.86576104
14809305,0.86598784
14809332,0.86611605
14809689,0.86610955
14809719,0.86598897
14809741,0.8660443
14810078,0.8660377
14810412,0.8658364
14810429,0.86588585
14810460,0.86587864
14810751,0.8661469
14810802,0.8663816
14811725,0.86605084
14811768,0.8660444
14812206,0.86603796
14812257,0.86611533
14812450,0.8661614
14812503,0.86615515
14812541,0.8659606
14813218,0.8659541
14813252,0.86594754
14813310,0.86594105
14813327,0.8664162
14813356,0.86578274
14813657,0.8657755
14813696,0.8660721
14813997,0.8660973
14814036,0.866091
14815230,0.86594856
14815337,0.8659421
14815726,0.8659357
14816086,0.86606544
14816129,0.86620593
14816168,0.8662418
14816521,0.8662359
14816567,0.86622995
14816603,0.86622405
14816796,0.86589307
14816844,0.8658861
14817175,0.8658792
14817235,0.8658722
14817273,0.8658653
14817587,0.8658583
14817644,0.8659908
14817682,0.86598456
14818021,0.86612505
14818061,0.8662029
14818469,0.8660608
14818508,0.8658184
14818822,0.86581147
14818873,0.86613613
14819439,0.8661302
14819466,0.866009
14819715,0.8660029
14819770,0.8664159
14819810,0.8664209
14820105,0.866164
14820649,0.86624205
14821062,0.8662363
14821081,0.8661573
14821098,0.8662877
14821493,0.86571234
14821540,0.8656263
14821575,0.86620617
14822210,0.86620045
14822363,0.8660481
14822715,0.86604214
14823375,0.865788
14823431,0.86583877
14824336,0.8657744
14824393,0.8655629
14824431,0.8658955
14825264,0.8662142
14825409,0.86614573
14825426,0.8660562
14825456,0.86598754
14826055,0.8657864
14826114,0.8657796
14826524,0.8657729
14826703,0.86576617
14826766,0.86575943
14827419,0.8657527
14827457,0.8660071
14828531,0.86593837
14829087,0.86573315
14829193,0.8657264
14829487,0.86592
14829538,0.8659141
14829817,0.8659815
14829927,0.8657004
14830178,0.8659695
14830240,0.8656989
14830280,0.86569214
14830744,0.8655258
14832120,0.865519
14832210,0.86530995
14832246,0.8653028
14832729,0.865116
14832810,0.8651086
14832851,0.865631
14833369,0.8654203
14833425,0.86595047
14833461,0.8658066
14833881,0.8658001
14833946,0.86586994
14833980,0.8658746
14834346,0.8659421
14834404,0.8655911
14834415,0.865768
14834710,0.8657615
14834842,0.86562866
14834880,0.86607987
14835073,0.86607444
14835119,0.8659433
14835179,0.8660634
14835210,0.86517996
14835460,0.8655341
14835515,0.8655275
14835822,0.8656007
14835868,0.8656626
14835898,0.86565614
14835966,0.86550146
14835996,0.8653357
14836259,0.86532885
14836311,0.865176
14836571,0.86527
14836634,0.8652631
14837877,0.8659505
14838267,0.86597645
14838334,0.86564213
14838371,0.86563575
14838597,0.86531025
14838670,0.86541736
14838707,0.8654107
14839010,0.86594033
14839030,0.86548936
14839053,0.86491835
14839340,0.8648549
14839429,0.8653883
14839466,0.86538166
14839935,0.8654548
14839973,0.86535704
14840815,0.8653504
14840854,0.86567444
14841187,0.8656682
14841223,0.8655366
14841515,0.8655302
14841634,0.8655238
14842190,0.86515355
14842234,0.8657624
14842586,0.8658427
14842608,0.8652934
14842651,0.86572057
14842939,0.8654745
14842960,0.86499214
14842993,0.86491776
14843312,0.864832
14843337,0.8648248
14843366,0.8648961
14843664,0.8652499
14843700,0.8652432
14843734,0.8652366
14844196,0.8657668
14844234,0.86576086
14844723,0.8657549
14844762,0.8656341
14845012,0.8651264
14845083,0.8651994
14845116,0.8651928
14845568,0.86482537
14845648,0.865236
14845681,0.8651154
14846108,0.864805
14846145,0.86479783
14846471,0.86479074
14846605,0.86470497
14846641,0.8648999
14846680,0.8649715
14847000,0.8651802
14847095,0.8653105
14847130,0.86509883
14847166,0.8650352
14847196,0.86455655
14847612,0.86527187
14847651,0.8650147
14847921,0.8652702
14847984,0.8652638
14847992,0.86541706
14847997,0.8654109
14848222,0.8650627
14848319,0.8651929
14848357,0.86518645
14848720,0.86518
14848815,0.8648108
14848852,0.8648039
14849334,0.86500007
14849373,0.8649934
14850243,0.8649868
14850281,0.8649915
14850896,0.8651445
14851286,0.86513805
14851327,0.86532545
14851427,0.8651597
14851461,0.86500514
14851494,0.8649529
14851846,0.8649463
14852063,0.86493963
14852119,0.86518383
14852154,0.8651776
14852431,0.8648976
14852450,0.8651874
14852474,0.8649189
14852804,0.8652543
14852842,0.86516833
14853196,0.8651621
14853236,0.86469036
14853669,0.8647396
14853693,0.8647328
14853723,0.864726
14854053,0.8646855
14854120,0.86456627
14887053,0.8645593
14887223,0.86455226
14887416,0.8647474
14887712,0.86474067
14887958,0.865087
14888108,0.8650807
14888980,0.86433953
14889018,0.86433226
14889292,0.86485463
14889477,0.8648481
14889841,0.8648073
14889881,0.8646872
14890998,0.86468047
14891037,0.86467373
14891541,0.864667
14891619,0.86466026
14891653,0.8648924
14892000,0.8648062
14892090,0.8647996
14892126,0.8646341
14893497,0.8650486
14893552,0.86504245
14893591,0.86503625
14894431,0.86464256
14894487,0.864546
14894835,0.86462903
14894875,0.8644988
14895520,0.8645369
14895586,0.8645301
14895625,0.8646019
14896476,0.864709
14896516,0.8648165
14896727,0.8647531
14896800,0.86503166
14896836,0.865233
14897556,0.8651111
14897619,0.86483157
14897656,0.8648252
14897862,0.86434335
14897931,0.8643364
14897969,0.8642396
14898289,0.86470664
14898741,0.8646317
14898837,0.8645682
14900183,0.86498344
14900222,0.86497736
14900544,0.86462927
14900583,0.8647596
14900873,0.8645937
14900945,0.8645871
14900985,0.8642311
14902087,0.8642241
14902126,0.8645779
14902918,0.86492485
14902957,0.86491877
14903253,0.8647531
14903292,0.86454165
14903654,0.8645351
14903728,0.8648022
14903764,0.8647276
14904064,0.86451614
14904130,0.86438483
14904169,0.86450285
14904362,0.86454195
14904414,0.8642865
14904608,0.86448306
14904744,0.8644765
14904784,0.86460674
14905144,0.8646004
14905271,0.8643101
14905540,0.86430335
14905576,0.8640945
14905929,0.86443675
14905960,0.8646354
14906256,0.86442393
14906296,0.8642141
14906667,0.8644105
14906705,0.864404
14906737,0.86404824
14906999,0.86404127
14907048,0.86403424
14907292,0.8645702
14907344,0.86456394
14907384,0.86404836
14907551,0.86408633
14907600,0.8645552
14908593,0.8645489
14909129,0.8643374
14909214,0.8644905
14909252,0.86412144
14909632,0.86411464
14909704,0.86465293
14909770,0.86464685
14909916,0.8646408
14910319,0.86463475
14910359,0.8644463
14910632,0.8644399
14910681,0.86444503
14911099,0.86390746
14911138,0.8639004
14911456,0.8642536
14911496,0.864247
14911918,0.8642519
14911978,0.8642454
14912568,0.86390096
14912615,0.86422044
14912650,0.8640896
14912920,0.864287
14912934,0.8642806
14912986,0.86419433
14913231,0.86418784
14913271,0.8643409
14913494,0.8643346
14913597,0.8645334
14913646,0.8645274
14914277,0.8640099
14914350,0.8640032
14914383,0.86399645
14914706,0.86393356
14914745,0.8641295
14915096,0.864123
14915151,0.86427605
14915727,0.86413294
14916371,0.8644342
14917395,0.86430275
14917717,0.8640913
14917768,0.8640847
14918059,0.86407816
14918347,0.86441356
14918399,0.864077
14918439,0.8637329
14918685,0.8642573
14918743,0.86425096
14918755,0.8642447
14918954,0.86423844
14919009,0.8642322
14919211,0.8640208
14919259,0.86401427
14919297,0.8640875
14919539,0.86416084
14919592,0.8643596
14919876,0.86366284
14919916,0.86365587
14920987,0.8636264
14921026,0.8636531
14921389,0.86364615
14921470,0.864273
14921505,0.8643272
14922078,0.86414695
14922118,0.8643989
14922947,0.8641235
14922985,0.86411726
14923850,0.8637149
14923889,0.86373055
14924171,0.864086
14924210,0.86358273
14924551,0.863834
14924569,0.86406606
14924585,0.8644579
14924871,0.86445194
14924928,0.8643521
14924947,0.86383826
14925423,0.8638317
14925462,0.864041
14925843,0.86402327
14925899,0.8641866
14925934,0.86424893
14926235,0.8640048
14926274,0.86426973
14926525,0.8642067
14926576,0.86414486
14926831,0.8639916
14926879,0.86398524
14927276,0.86421967
14927348,0.864323
14927703,0.86431694
14928611,0.8643109
14928688,0.8637304
14928721,0.86372364
14930063,0.86371696
14930100,0.864083
14930557,0.86376023
14930718,0.8637536
14931072,0.8641701
14931109,0.86416376
14931420,0.86415744
14931456,0.86389905
14931873,0.8638927
14931912,0.8639881
14932203,0.8638801
14932266,0.8638737
14932304,0.8640435
14932705,0.864037
14932853,0.86370814
14933221,0.8637016
14933260,0.8634716
14933443,0.86385775
14933757,0.8638514
14933796,0.86405224
14934104,0.86404586
14934121,0.86381066
14934136,0.8638043
14934481,0.86413556
14934495,0.8641295
14934510,0.8640309
14934753,0.8637808
14934806,0.8637744
14935066,0.863621
14935106,0.86390185
14935987,0.86389524
14936020,0.86374915
14936041,0.8638705
14936346,0.8639717
14936385,0.86389166
14937356,0.8638908
14938148,0.86391836
14938187,0.8639516
14938386,0.86394536
14938451,0.8638313
14938723,0.86369467
14938847,0.8636883
14939525,0.8634789
14939836,0.86330515
14939874,0.8638137
14939901,0.86380714
14940084,0.8633083
14940141,0.8636267
14940179,0.8633174
14972958,0.86386997
14973118,0.86386365
14973687,0.8637496
14974522,0.8636182
14974887,0.8636118
14974936,0.8636733
14974981,0.86372274
14975146,0.8637161
14975166,0.8637436
14975199,0.8637655
14975441,0.86375904
14975500,0.86375266
14975538,0.8637462
14976283,0.8637115
14976326,0.863705
14976504,0.86339766
14976563,0.8631459
14976600,0.86366713
14976847,0.8637343
14976952,0.86327183
14976995,0.86354643
14977292,0.86324763
14977367,0.86312956
14977402,0.8634812
14977605,0.863407
14977674,0.8637029
14977709,0.86369663
14977732,0.8636904
14977982,0.8637766
14978022,0.8637706
14978182,0.86367214
14978498,0.86360914
14978755,0.8636027
14978770,0.863653
14979113,0.8636467
14979197,0.8636404
14979215,0.8635548
14979244,0.8636906
14979277,0.8631564
14979492,0.8633856
14979545,0.86337924
14979583,0.86337286
14979753,0.86368656
14979817,0.8635427
14979855,0.86361
14980039,0.8636039
14980109,0.8635693
14980146,0.86348933
14980421,0.86351126
14980482,0.8635048
14980518,0.86349845
14981279,0.8630999
14981316,0.86287045
14981552,0.8628635
14982695,0.8631573
14982710,0.8631507
14982958,0.86289907
14983007,0.86289215
14983051,0.86288524
14983233,0.8629006
14983302,0.8628715
14983346,0.8628646
14983657,0.8631028
14983697,0.86309624
14983931,0.8628669
14984009,0.86286
14984053,0.8628531
14985009,0.86344993
14985131,0.8633076
14985168,0.86330104
14985525,0.8628839
14985596,0.86287713
14985639,0.8634105
14985910,0.8634043
14985964,0.86339813
14986280,0.86285293
14986328,0.86279047
14986363,0.8628393
14986751,0.8633588
14986770,0.863129
14986801,0.86302084
14987076,0.86304826
14987116,0.863121
14987416,0.8631146
14987456,0.8627835
14987889,0.86281013
14988245,0.862692
14988292,0.8630086
14988327,0.862712
14988526,0.86285
14988569,0.8631563
14988604,0.8628372
14988760,0.8628305
14988809,0.863003
14988844,0.86259466
14989026,0.8625877
14989073,0.86298263
14989111,0.8630441
14989774,0.86265707
14989852,0.8630196
14989884,0.863092
14989914,0.86288285
14990148,0.8630105
14990274,0.8630435
14990460,0.8630369
14990489,0.8626014
14990526,0.86259454
14990605,0.8625877
14990636,0.8629386
14991695,0.862853
14991729,0.8631521
14991845,0.86293125
14991867,0.8629249
14991896,0.86301476
14992244,0.8631885
14992356,0.8630919
14992377,0.8630856
14992416,0.8630793
14992808,0.86292124
14993270,0.86294293
14993286,0.86308193
14993306,0.86314404
14993570,0.86294687
14993778,0.8630242
14993792,0.86301786
14993815,0.8625231
14994100,0.86276144
14994158,0.86283416
14995202,0.8628276
14995331,0.86287755
14995543,0.86280394
14995613,0.86301476
14995651,0.8623563
14996224,0.862717
14996263,0.86279845
14996520,0.86241454
14996571,0.8624077
14996605,0.8627772
14996770,0.8622274
14996824,0.8622649
14997217,0.8623804
14997394,0.8627368
14997412,0.86266804
14997430,0.86282974
14997794,0.8626895
14998368,0.86268306
14998407,0.8628096
14998752,0.8628031
14998791,0.8625637
14999151,0.8628174
14999190,0.86267704
14999484,0.8622553
14999551,0.8626967
14999931,0.8626563
15000050,0.86264956
15000155,0.86244106
15000475,0.86242324
15000533,0.8625726
15000571,0.8625661
15000948,0.8626262
15000986,0.8624086
15001282,0.86261785
15001322,0.8626834
15002062,0.86267686
15002077,0.8626537
15002093,0.86264706
15002595,0.86270726
15002609,0.8626119
15002626,0.8623479
15003146,0.86220753
15003183,0.8622007
15003967,0.86261684
15004034,0.8625269
15004302,0.8625201
15004372,0.862619
15004407,0.8626125
15004841,0.862606
15004856,0.86259955
15004871,0.86259305
15005258,0.86258656
15005295,0.8625801
15005646,0.8625736
15005684,0.8624615
15005899,0.8624547
15005959,0.8623368
15006239,0.86244094
15006299,0.8624675
15006337,0.8624163
15006991,0.8626264
15007049,0.86229426
15007411,0.86228764
15007451,0.862281
15008006,0.8623935
15008311,0.86222386
15008350,0.86221725
15008551,0.8625505
15008608,0.86254424
15009479,0.862265
15009567,0.86255884
15009609,0.86254156
15010027,0.8624297
15010066,0.8623509
15010378,0.8622453
15010414,0.86205065
15010919,0.86212164
15010934,0.86201495
15010950,0.86232674
15011308,0.8622702
15011345,0.8622909
15011620,0.8622842
15011657,0.8623219
15012047,0.862293
15012101,0.8622919
15012171,0.8623575
15012189,0.86227876
15012596,0.862272
15012702,0.8621773
15012719,0.8622529
15013091,0.86232406
15013130,0.86231756
15013545,0.8623111
15013561,0.8621572
15013587,0.8623256
15013910,0.86219686
15013949,0.8621679
15014377,0.8622
15014484,0.8621933
15014912,0.8620421
15015513,0.8620355
15015675,0.8621726
15015715,0.8621659
15016207,0.86215925
15018451,0.8621526
15018488,0.8620698
15018810,0.8620633
15018924,0.86205673
15018958,0.86212516
15019668,0.8621185
15019734,0.8621118
15019826,0.8621051
15020008,0.86202496
15020406,0.86201847
15020444,0.8618024
15020861,0.8617956
15020900,0.86207575
15021904,0.8622359
15021919,0.86222976
15021936,0.8621568
15021959,0.8621505
15022271,0.86214405
15022337,0.861961
15022382,0.86195415
15022811,0.86200714
15022850,0.86201155
15023152,0.8620048
15023191,0.862165
15023560,0.86226314
15023771,0.8622572
15023952,0.86199135
15024738,0.86200136
15024778,0.8620949
15025135,0.86178464
15025174,0.86203146
15025429,0.8619249
15025487,0.86212397
15025523,0.8616604
15025838,0.86195487
15025935,0.8619483
15026240,0.86191386
15026279,0.8617782
15026595,0.8619558
15026635,0.8619215
15061836,0.86191493
15061886,0.8619083
15062140,0.86184627
15062177,0.8617964
15062602,0.86178946
15062642,0.86182034
15062673,0.86195225
15062965,0.86184025
15063004,0.8618336
15063289,0.86190474
15063328,0.8618983
15063815,0.86199754
15064119,0.8619914
15064158,0.8618796
15064354,0.86187315
15064406,0.8618667
15064767,0.8619939
15064806,0.8617875
15065096,0.8617809
15065134,0.8615537
15065406,0.86149186
15065444,0.86148506
15065618,0.8619029
15065675,0.8619189
15065967,0.86191285
15066051,0.86167955
15066088,0.86167276
15066116,0.86166054
15066433,0.86170274
15066503,0.86180174
15066541,0.86168975
15066777,0.861761
15066816,0.86175454
15067065,0.8617481
15067104,0.86174166
15067347,0.8616629
15067485,0.86166185
15067683,0.8616441
15067742,0.8616374
15067777,0.8615495
15068216,0.86154264
15068255,0.8614043
15068576,0.86139756
15068619,0.86170834
15068667,0.861702
15068905,0.86159
15069036,0.86132836
15069378,0.86150575
15069417,0.8614989
15069825,0.86149204
15069991,0.8614852
15070468,0.86151606
15070507,0.8615419
15071005,0.86153525
15071152,0.8615286
15071173,0.86152196
15071518,0.8615153
15071574,0.8615086
15071609,0.86143166
15071817,0.8614248
15071856,0.86141795
15071881,0.86148137
15072095,0.8614747
15072126,0.861468
15072181,0.8614614
15072198,0.8614547
15072222,0.86144805
15072244,0.86154705
15072435,0.86136484
15072483,0.861358
15072517,0.86135113
15072738,0.86142004
15072777,0.86141336
15072982,0.86140674
15073032,0.8613244
15073252,0.8613176
15073288,0.8613107
15073493,0.86137396
15073556,0.8613673
15073851,0.8612906
15073909,0.8612837
15073946,0.86127687
15074322,0.861142
15074361,0.8611352
15074621,0.8614315
15074662,0.86142516
15074994,0.8612431
15075015,0.8612363
15075044,0.8612294
15075287,0.8610528
15075350,0.8610019
15075387,0.86103916
15075796,0.86120105
15075879,0.8611942
15075915,0.86109656
15076144,0.8612018
15076226,0.861222
15076261,0.86109906
15076944,0.8610924
15077237,0.8612121
15077276,0.86136055
15077595,0.8612876
15077633,0.86128116
15077877,0.8613415
15077938,0.8613742
15078153,0.8613681
15078211,0.861114
15078246,0.8612606
15078440,0.8611386
15078498,0.8613814
15078533,0.86137533
15078829,0.8611855
15078868,0.86117893
15079191,0.86117244
15079227,0.8611659
15079422,0.8611371
15079482,0.8610495
15088872,0.8610427
15090936,0.8612726
15094537,0.86126643
15094998,0.8612603
15095747,0.86104983
15095808,0.8611195
15096040,0.861113
15096105,0.86111206
15096144,0.86106133
15096366,0.8610934
15096429,0.86108685
15096465,0.86093926
15096756,0.86091083
15096828,0.86106086
15096848,0.8608973
15097341,0.8608903
15097380,0.86104035
15097722,0.8610338
15097762,0.86095655
15098218,0.8610261
15098257,0.86105853
15098570,0.8611902
15098609,0.86118406
15098890,0.861178
15099455,0.8611719
15099495,0.861089
15099589,0.86108273
15099621,0.861143
15100069,0.8608623
15100429,0.86085546
15101405,0.86108434
15101488,0.86090696
15102018,0.86096615
15102603,0.86088306
15103618,0.8609141
15103851,0.8609241
15103898,0.86091757
15103939,0.860911
15104155,0.8608662
15104207,0.86089224
15104245,0.8607831
15104631,0.86070085
15104882,0.8606941
15104932,0.8607298
15105152,0.8606807
15105198,0.86067396
15105237,0.86081076
15105533,0.8608367
15105596,0.86090773
15105613,0.86090136
15105635,0.86089504
15105894,0.8610168
15105940,0.86101085
15105977,0.8610048
15106159,0.86087084
15106206,0.86086446
15106246,0.86085814
15106419,0.8608518
15106465,0.86084545
15106502,0.8608391
15148068,0.86083275
15148142,0.86082643
15148159,0.8608201
15148187,0.86081374
15148408,0.860606
15148441,0.86058295
15148485,0.86069417
15148502,0.86074805
15148530,0.8607804
15148566,0.86077404
15148843,0.8606255
15148882,0.8606456
15149190,0.8606767
15149234,0.86055696
15149271,0.8606253
15149549,0.8606619
15149589,0.86083
15150105,0.8608436
15150183,0.8608178
15150505,0.8605938
15150544,0.86058706
15150808,0.8604938
15150842,0.860474
15150886,0.8604906
15150904,0.8605267
15150931,0.86069524
15151477,0.86063343
15151563,0.8605447
15151799,0.8605758
15151831,0.8605421
15151937,0.8604548
15151976,0.8605722
15152284,0.8606489
15152324,0.8604565
15152658,0.8604497
15152721,0.8605512
15152759,0.8605169
15152790,0.86042964
15153240,0.8606088
15153746,0.8606025
15153829,0.86059064
15153849,0.8604791
15153883,0.8605832
15154188,0.8605769
15154226,0.8603631
15154261,0.86035615
15154431,0.8603744
15154487,0.8603744
15154884,0.86036754
15154918,0.86039835
15154953,0.860354
15155751,0.8603472
15155790,0.860378
15156111,0.8603043
15156173,0.8602992
15156217,0.86031973
15156794,0.8603129
15156837,0.8603198
15156876,0.860292
15157320,0.8603618
15157450,0.86030245
15157485,0.8602639
15157848,0.86029434
15158181,0.8605121
15158244,0.86050594
15158268,0.8605244
15158293,0.8605036
15158647,0.86033714
15158686,0.8603306
15158990,0.86029667
15159254,0.86021656
15159545,0.86028314
15159584,0.86038154
15159833,0.8602702
15159870,0.86023134
15160668,0.8604345
15160705,0.86042833
15161039,0.86034423
15161113,0.8602385
15161135,0.8602319
15161164,0.86025256
15161539,0.8602241
15161578,0.8602175
15161887,0.86021096
15162022,0.8602429
15162084,0.8602364
15162713,0.86029094
15162784,0.8602292
15163668,0.86028934
15163726,0.8601186
15164151,0.8601668
15164188,0.86011964
15164536,0.8602178
15164628,0.86020035
15164649,0.8601939
15164682,0.86027515
15165153,0.8601209
15165172,0.86007285
15165193,0.86006796
15165448,0.86012435
15165497,0.86012065
15165672,0.860044
15165725,0.8600803
15165948,0.8600737
15166033,0.8601441
15166072,0.8600185
15166396,0.8600137
15166435,0.8600473
15166734,0.86002034
15166774,0.8600768
15167015,0.8600716
15167060,0.8599874
15167100,0.85998064
15167298,0.86001164
15167339,0.86013204
15167374,0.8600482
15167538,0.85998213
15167603,0.85995466
15167785,0.8599789
15167831,0.85997236
15168094,0.8600374
15168133,0.85995793
15168421,0.8599498
15168466,0.8599901
15168504,0.85991406
15168803,0.8599706
15168842,0.85991895
15169044,0.8599124
15169091,0.8599434
15169130,0.85998034
15169491,0.8598918
15170169,0.85988516
15170209,0.8599831
15170481,0.8598938
15170520,0.8598954
15170934,0.8598905
15170948,0.8598573
15170962,0.86001974
15171285,0.8600136
15171355,0.8598333
15171391,0.8598267
15171814,0.85999423
15171828,0.85998815
15172756,0.859982
15172810,0.85997593
15172847,0.8599698
15173181,0.85998833
15173220,0.8598717
15174050,0.859882
15174114,0.85985905
15174153,0.85986936
15174680,0.85993224
15174699,0.85992616
15175090,0.8599012
15175130,0.85981715
15175167,0.85981077
15178452,0.85980445
15178492,0.8597538
15178866,0.85981923
15178903,0.859813
15179199,0.85980666
15179238,0.85973614
15179275,0.8597315
15179566,0.8597872
15179603,0.85978097
15179726,0.8598214
15232726,0.85981625
15232838,0.8597595
15233030,0.85980624
15233064,0.85980105
15233305,0.8597863
15233342,0.8596876
15233525,0.859683
15233697,0.8596783
15234154,0.8596737
15234689,0.8597059
15234837,0.85969967
15235132,0.8596934
15235171,0.85965383
15235410,0.85968715
15235467,0.8596888
15235753,0.8596614
15235791,0.85963404
15235906,0.85962945
15235924,0.8597313
15235955,0.8597262
15236256,0.85968554
15236442,0.85971606
15236578,0.8595819
15237029,0.85959995
15237068,0.85959536
15237430,0.8596359
15237469,0.85963106
15237704,0.85962623
15237780,0.8596214
15237819,0.8596166
15238069,0.85961175
15238151,0.8596069
15238185,0.8595795
15238848,0.8595793
15238919,0.8595512
15238957,0.8596724
15239288,0.85955924
15239325,0.85951906
15240214,0.8595561
15241471,0.8595218
15241510,0.8595436
15241991,0.8595202
15242030,0.8595511
15242532,0.8595463
15242554,0.8594647
15242586,0.85951775
15242964,0.85951304
15243003,0.8595084
15244267,0.8594907
15244307,0.85945755
15245010,0.8595047
15245077,0.85950965
15245406,0.859428
15246014,0.85950613
15246053,0.8595001
15246400,0.85943115
15246439,0.8594267
15247112,0.8594835
15247168,0.8594262
15247206,0.85942006
15248604,0.8595478
15248612,0.85955876
15248921,0.8594083
15248992,0.85953945
15249031,0.8595338
15249807,0.8593815
15250799,0.8593847
15250836,0.8593753
15250867,0.8593708
15251553,0.85941154
15251587,0.8594069
15251620,0.859357
15251920,0.85940415
15251975,0.8593982
15252010,0.8593578
15252388,0.8593862
15252409,0.85929567
15252435,0.85939705
15252976,0.8593923
15253041,0.8593875
15253080,0.85931826
15253350,0.8593138
15253804,0.8593093
15253830,0.8592953
15253859,0.8592909
15254153,0.85932136
15254598,0.8592542
15254662,0.8593041
15254700,0.8592963
15256179,0.859296
15256252,0.8592782
15256289,0.859229
15256658,0.85933083
15256719,0.8593035
15256758,0.8592989
15257473,0.8593587
15257541,0.8593054
15257560,0.8593007
15257954,0.8592508
15258025,0.8592334
15258063,0.8592612
15258389,0.8592244
15258524,0.8591915
15258588,0.8591538
15258622,0.8591797
15259075,0.8592072
15259108,0.859206
15259490,0.85920155
15259518,0.8591939
15259598,0.85918945
15259633,0.85918504
15259965,0.8592452
15260004,0.8592404
15261242,0.8593273
15261592,0.8592627
15261701,0.85908556
15262455,0.8592635
15262514,0.85925853
15262552,0.859231
15262845,0.8590637
15262928,0.859066
15262959,0.859086
15263180,0.85910386
15263292,0.8590545
15263485,0.8591548
15263514,0.859118
15263565,0.8590511
15263599,0.8591127
15264008,0.8591599
15264046,0.8591552
15264290,0.8591505
15264337,0.859091
15264373,0.8590995
15265152,0.8590821
15265210,0.85909706
15265229,0.8590603
15265615,0.8590689
15265650,0.8590515
15266155,0.8590601
15266197,0.85901624
15266538,0.8589612
15266570,0.85895514
15266904,0.8590437
15266978,0.85907805
15267003,0.8590864
15267438,0.8590817
15267478,0.8589824
15267798,0.8589781
15267835,0.8589738
15268107,0.8589695
15268144,0.85906845
15268468,0.859063
15268506,0.85899925
15268825,0.8589409
15268863,0.8589128
15269292,0.85895646
15269332,0.8590018
15269745,0.8589271
15269780,0.8588639
15269805,0.8588599
15270063,0.8589183
15270100,0.8588833
15270401,0.8588792
15270438,0.8589404
15270766,0.85894924
15270805,0.85894483
15271776,0.85894036
15271816,0.8589903
15272832,0.8590084
15272872,0.85895795
15273209,0.8589359
15273246,0.8589403
15273524,0.8589007
15273563,0.8589298
15273811,0.85897636
15273850,0.85894716
15274214,0.8589417
15274265,0.8588234
15274304,0.8589478
15274606,0.8589423
15274645,0.8588483
15274947,0.8588617
15274987,0.8588565
15275391,0.85881335
15275430,0.85880834
15275754,0.8588033
15275793,0.85888267
15276268,0.85882825
15276317,0.85882306
15276361,0.8588276
15276775,0.85882235
15276813,0.85875535
15277036,0.8587774
15277072,0.8588315
15277342,0.8588261
15277382,0.8588207
15277615,0.8587835
15277652,0.85876215
15277687,0.8588196
15277975,0.85877496
15278255,0.8587238
15278305,0.8587188
15278835,0.85871375
15278874,0.8587087
15279154,0.8587037
15279202,0.8586986
15279465,0.85869354
15279504,0.85868853
15280253,0.85868347
15280300,0.8587638
15280336,0.8587583
15280625,0.8587528
15280664,0.85869837
15280984,0.8586932
15281022,0.858688
15281336,0.8587315
15281374,0.8587259
15281793,0.8585931
15281851,0.85858834
15281911,0.85871065
15281947,0.85870504
15282279,0.8586336
15282318,0.8586088
15282530,0.85860366
15282593,0.85863787
15282675,0.85863256
15282936,0.8586248
15282977,0.8586998
15283011,0.85869354
15283201,0.8586873
15283242,0.85863626
15283277,0.8586308
15283570,0.8586253
15283611,0.85853237
15283882,0.8585354
15283926,0.85857546
15283963,0.85857016
15284295,0.85856485
15284334,0.8585623
15284616,0.85855705
15284654,0.85855174
15284902,0.85854644
15284941,0.85855573
15285212,0.85855037
15285251,0.8585275
15319406,0.8585222
15319595,0.8585169
15320546,0.85858244
15320585,0.8585762
15320859,0.85847974
15320917,0.85843337
15320956,0.8584284
15321257,0.85851663
15321296,0.8585107
15321639,0.8584912
15321678,0.85847133
15321842,0.85850465
15321949,0.8584575
15322210,0.8584928
15322260,0.8584868
15322295,0.8584768
15322558,0.8584708
15322662,0.85843134
15322700,0.85842556
15323368,0.8584822
15323464,0.8584837
15323481,0.85845613
15323800,0.85850215
15323837,0.85848784
15323908,0.8584254
15323924,0.85841936
15323952,0.8584384
15324269,0.8584322
15324344,0.8584124
15324427,0.8583547
15324846,0.85840434
15324885,0.8583427
15325306,0.8583369
15325355,0.85835767
15325426,0.85827804
15325459,0.858273
15325703,0.8583189
15326062,0.8583446
15326099,0.8583347
15326343,0.85832876
15326400,0.8583112
15326437,0.85831296
15326789,0.858307
15326885,0.85822785
15327224,0.8582223
15327263,0.85830164
15327575,0.8582956
15327746,0.8581648
15327762,0.8582126
15327787,0.858207
15328271,0.8582014
15328310,0.8582676
15328708,0.85830617
15328769,0.85830075
15328777,0.8582762
15329158,0.85828996
15329219,0.85828453
15329648,0.85821843
15329687,0.85822594
15330015,0.8582199
15330054,0.8582003
15330365,0.85816747
15330401,0.8581617
15330698,0.85810447
15330737,0.85809016
15331094,0.8580594
15331133,0.8581061
15331550,0.8581005
15331620,0.8580949
15331658,0.85808915
15331993,0.8580835
15332046,0.8581113
15332081,0.8581054
15332539,0.8581478
15333149,0.85814255
15333188,0.85813737
15333516,0.8581321
15333586,0.85805804
15333797,0.85803545
15333905,0.8580819
15333938,0.8581668
15334248,0.8581422
15334299,0.8580444
15334726,0.8579226
15334807,0.8579171
15334815,0.8580216
15335121,0.85806954
15335175,0.8580889
15335966,0.85808367
15336024,0.85807836
15336062,0.85807306
15336333,0.8579997
15336394,0.85799474
15336430,0.8580171
15336758,0.858012
15336828,0.85803694
15337147,0.85803175
15337187,0.8580265
15337529,0.8579233
15337554,0.85795915
15337583,0.8579542
15337624,0.8579274
15337934,0.85783565
15337974,0.85783947
15338381,0.85786426
15338888,0.85793406
15338958,0.8579836
15339332,0.8579207
15339442,0.85791576
15339462,0.857914
15339482,0.857909
15339828,0.8579586
15339880,0.85787696
15340272,0.85789084
15340291,0.8578765
15340314,0.8577981
15340685,0.85777146
15340710,0.8578626
15340727,0.8579086
15341226,0.8579035
15341246,0.8579311
15341266,0.8579094
15342099,0.8579042
15342157,0.8577844
15342185,0.8577304
15342437,0.8577256
15342474,0.85781485
15343155,0.85786426
15343227,0.85787004
15343264,0.8578993
15343688,0.8578067
15343724,0.85777986
15343913,0.8577657
15343977,0.8577702
15344411,0.8578646
15344447,0.8578484
15344732,0.8576504
15344884,0.8575927
15345355,0.85758823
15345394,0.8577297
15345686,0.85777795
15345741,0.85777295
15345939,0.8578199
15345956,0.857722
15345986,0.85771716
15346402,0.8577123
15346445,0.857598
15346539,0.8575434
15346570,0.85753894
15347910,0.8576249
15348111,0.85762006
15348122,0.8576153
15348630,0.8576105
15349476,0.8576057
15349514,0.8576009
15349916,0.8576526
15349951,0.85764766
15350204,0.85762435
15350636,0.8576525
15350705,0.8576475
15351120,0.8576937
15351315,0.85763735
15351391,0.8575176
15351732,0.8575651
15351779,0.8575427
15351818,0.85750115
15351851,0.8575318
15352121,0.85755754
15352161,0.85757864
15352439,0.85759586
15352478,0.8575901
15352753,0.85765624
15352796,0.8576496
15352837,0.85759854
15353077,0.85759264
15353135,0.85756
15353172,0.85755414
15353208,0.85753304
15353566,0.8575273
15353617,0.85752153
15353722,0.85753113
15353783,0.85738194
15353801,0.85745937
15353830,0.85751444
15354734,0.85750866
15354904,0.8575029
15354943,0.8575621
15355313,0.8575496
15355407,0.85753566
15355440,0.8574288
15355483,0.85747296
15355881,0.8574672
15355920,0.8575257
15356254,0.85748005
15356294,0.85734165
15356480,0.85731333
15356644,0.85732114
15356703,0.85741776
15356740,0.8573296
15356773,0.8574492
15357061,0.857442
15357117,0.85731876
15357163,0.8572871
15357536,0.85728174
15357590,0.85734403
15357630,0.8573384
15358799,0.8573815
15358852,0.85742015
15359274,0.85741276
15359283,0.85736895
15359307,0.85733163
15359739,0.85738724
15359775,0.857405
15360947,0.85738057
15360987,0.8573731
15361324,0.85731566
15361360,0.8573086
